epsilon,accuracy,attack_success_rate
0.000000,0.716667,0.000000
0.010000,0.633333,0.325581
0.050000,0.416667,0.744186
0.100000,0.450000,0.720930
0.200000,0.450000,0.651163
